{
  "alumno": [
    {
      "id": 2,
      "nombre": "Joan",
      "apellidos": "Abad ",
      "telefono": 657458588,
      "fecha_nac": "14/09/2000",
      "sexo": "Hombre",
      "curso": "1DAM"
    },
    {
      "id": 3,
      "nombre": "Pepe",
      "apellidos": "Jimenez",
      "telefono": 635849717,
      "fecha_nac": "12/04/1985",
      "sexo": "Hombre",
      "curso": "2DAM"
    },
    {
      "id": 4,
      "nombre": "Marta",
      "apellidos": "Gutierrez",
      "telefono": 635849717,
      "fecha_nac": "17/04/1985",
      "sexo": "Mujer",
      "curso": "2DAM"
    },
    {
      "id": 5,
      "nombre": "Martin",
      "apellidos": "Fennandez",
      "telefono": 635849717,
      "fecha_nac": "17/04/1985",
      "sexo": "Hombre",
      "curso": "2DAM"
    }
  ],
  "aula": [
    {
      "id": 1,
      "nombre": "1-D",
      "planta": 2,
      "capacidad": 20
    }
  ],
  "listado": [
    {
      "id": 2,
      "id_alu": 4,
      "id_aula": 1,
      "hora": "13:00",
      "fecha": "19/11/2020"
    },
    {
      "id": 3,
      "id_alu": 3,
      "id_aula": 1,
      "hora": "17:00",
      "fecha": "19/11/2020"
    },
    {
      "id": 4,
      "id_alu": 4,
      "id_aula": 1,
      "hora": "11:00",
      "fecha": "18/11/2020"
    },
    {
      "id": 7,
      "id_alu": 5,
      "id_aula": 1,
      "hora": "11:00",
      "fecha": "18/11/2020"
    },
    {
      "id": 4,
      "id_alu": 3,
      "id_aula": 1,
      "hora": "13:00",
      "fecha": "17/11/2020"
    },
    {
      "id": 8,
      "id_alu": 5,
      "id_aula": 1,
      "hora": "11:00",
      "fecha": "17/11/2020"
    },
    {
      "id": 5,
      "id_alu": 4,
      "id_aula": 1,
      "hora": "19:00",
      "fecha": "16/11/2020"
    },
    {
      "id": 6,
      "id_alu": 4,
      "id_aula": 1,
      "hora": "13:00",
      "fecha": "15/11/2020"
    },
    {
      "id": 9,
      "id_alu": 3,
      "id_aula": 1,
      "hora": "13:00",
      "fecha": "17/11/2020"
    },
    {
      "id": 10,
      "id_alu": 4,
      "id_aula": 1,
      "hora": "13:00",
      "fecha": "17/11/2020"
    }
  ]
}